"name","description","website"
"Adam AI","Introducing Adam ‚Äî The World's First AI C-Suite Executive","https://www.producthunt.com/r/5HSPQ6GY342JIS?utm_campaign=producthunt-api&utm_medium=api-v2&utm_source=Application%3A+Test+%28ID%3A+121058%29"
"AI Checker","This friendly tool is here to help you check and improve your writing effortlessly. Simply paste your text, and let AI Checker catch any mistakes or suggest improvements.","https://www.producthunt.com/r/GAFVFEUHCZZX76?utm_campaign=producthunt-api&utm_medium=api-v2&utm_source=Application%3A+Test+%28ID%3A+121058%29"
"Answerly Banner","A quick-to-setup widget that lets you notify your website visitors about your latest developments",NULL
"Bit Assist","Connect with your visitors using Facebook Messenger, WhatsApp, and 20+ social channels in one button",NULL
"BoilerplateHQ","Copy & paste open-source Next.js modules, React components & Typescript utility functions to elevate your existing projects. Or start from scratch with our fully documented MVP Next.js templates. No subscriptions, full ownership.","https://www.producthunt.com/r/MLXLDU7QETYWIX?utm_campaign=producthunt-api&utm_medium=api-v2&utm_source=Application%3A+Test+%28ID%3A+121058%29"
"Calensys - Calendar analytics","Tag your calendar events under categories, set goals, sync your calendar to the app and understand how you are allocating your finite daily time.","https://www.producthunt.com/r/3LX73GWTQY5IV2?utm_campaign=producthunt-api&utm_medium=api-v2&utm_source=Application%3A+Test+%28ID%3A+121058%29"
"Chat2DB Pro","AI-driven data management platform Over 1 million developers are using Chat2DB","https://www.producthunt.com/r/PULQEXODF3X6W5?utm_campaign=producthunt-api&utm_medium=api-v2&utm_source=Application%3A+Test+%28ID%3A+121058%29"
"Chat Survey","Engage customers effortlessly with unlimited ChatGPT style survey and smart conditional logic.",NULL
"digitizingzone","Custom embroidery digitizing services for your designs. Get professional custom designs with quick turnaround times at competitive prices.","https://www.producthunt.com/r/72H7SENM3JMMI5?utm_campaign=producthunt-api&utm_medium=api-v2&utm_source=Application%3A+Test+%28ID%3A+121058%29"
"DocTunes","An app that converts documents to audiobooks in 70+ languages and has 500+ premium voices",NULL
"FeatureShift","Avoid building the wrong features and ship products with confidence and a clear vision. Use FeatureShift to easily gather feature requests, bug reports and much more. Maintain a public roadmap and keep customers in the loop.",NULL
"Furniture Crating in Miami","Are you looking to hire a professional company that can assist you in various logistics services? If yes, then you may get in touch with our company as soon as possible.","https://www.producthunt.com/r/SYCRWWEA2FBZVU?utm_campaign=producthunt-api&utm_medium=api-v2&utm_source=Application%3A+Test+%28ID%3A+121058%29"
"Hellooo","All-in-one platform for recordings, transcripts & insights",NULL
"Hire Offshore Laravel Developer","Captus Technologies is a top-notch Offshore Laravel Development Company that offers Dedicated Developers in India for hire. We have completed 1200+ projects across the world.","https://www.producthunt.com/r/FVZP6EXO4SYTRZ?utm_campaign=producthunt-api&utm_medium=api-v2&utm_source=Application%3A+Test+%28ID%3A+121058%29"
"Kaeinyonne online store","Kaeinyonne is an e-commerce company that specializes in providing customers with high-quality products through its online platform.","https://www.producthunt.com/r/5AHKP34ZFFRIWJ?utm_campaign=producthunt-api&utm_medium=api-v2&utm_source=Application%3A+Test+%28ID%3A+121058%29"
"LIDO - AI Music Generator","LIDO is an AI music generator that can create realistic custom songs based on the lyrics and style you provide. Whether you need royalty-free music for your TikToks, Reels, videos, or any other content, LIDO has you covered.","https://www.producthunt.com/r/DJNCZSYLQZORUI?utm_campaign=producthunt-api&utm_medium=api-v2&utm_source=Application%3A+Test+%28ID%3A+121058%29"
"LiveCaller","LiveCaller is all in one solution that combines different communication channels (Chat, Call, Callback, Social Messaging Apps) into one platform. Chat is a communication platform that is integrated into the website, where customers can exchange messages, files, rate customer service. While Agents ca",NULL
"Lockdown - SandAnchor and BackPack","Lock your valuables by filling the SandAnchor with sand (takes 1-2 min) so it weighs 90kg (200lbs). Then you lock it with a combination padlock and it's too heavy to carry away.","https://www.producthunt.com/r/VUQU5Y3UMDVRSH?utm_campaign=producthunt-api&utm_medium=api-v2&utm_source=Application%3A+Test+%28ID%3A+121058%29"
"Markdown2","Get visually rich charts and diagrams into your documents with super low friction.","https://www.producthunt.com/r/CDEMASD3PHCKIQ?utm_campaign=producthunt-api&utm_medium=api-v2&utm_source=Application%3A+Test+%28ID%3A+121058%29"
"MCQs Master AI","Based on the science of MCQs Creation, creates MCQs from text, PDF, Word, or photo.","https://www.producthunt.com/r/5ISR25MS742ML4?utm_campaign=producthunt-api&utm_medium=api-v2&utm_source=Application%3A+Test+%28ID%3A+121058%29"
"MetaSurvey - ¬´Tinder-like¬ª Surveys","Put your customers in a critic's shoes before producing your new drop ‚Äì use ¬´Tinder-like¬ª surveys",NULL
"My First User","My first user is a biweekly newsletter of popular posts (that allow self-promoting) in the indiehacking and saas community, allowing users to gain traction organically and get feedback rapidly.","https://www.producthunt.com/r/2QIQUFHWXMM7UX?utm_campaign=producthunt-api&utm_medium=api-v2&utm_source=Application%3A+Test+%28ID%3A+121058%29"
"No Pain No Gain - LED Neon Sign","Illuminate your space with a vibrant 'No Pain No Gain' neon sign, a constant reminder of perseverance and dedication. Perfect for home gyms or workplaces, this design motivates you towards excellence and conquering challenges. Elevate your surroundings today!","https://www.producthunt.com/r/GZ6OSTAHXLPYLM?utm_campaign=producthunt-api&utm_medium=api-v2&utm_source=Application%3A+Test+%28ID%3A+121058%29"
"Offer Letter","Our new AI powered platform allows you to practice behavioral and technical questions for Product, Finance, Consulting and Tech jobs!","https://www.producthunt.com/r/FHEIHWC7BV5OLX?utm_campaign=producthunt-api&utm_medium=api-v2&utm_source=Application%3A+Test+%28ID%3A+121058%29"
"Only The Recipe","Only the recipe gets rid of any life story, background of the recipe, or other fluff no one wants. Simply enter the url of any recipe site and get the ingredients and directions. Thats it. You can start cooking faster and read less junk.","https://www.producthunt.com/r/G4INAFGLO2PO6F?utm_campaign=producthunt-api&utm_medium=api-v2&utm_source=Application%3A+Test+%28ID%3A+121058%29"
"Perspectiva de Davis Romero","Introducci√≥n En la era actual de la inteligencia artificial, las herramientas de procesamiento del lenguaje natural han revolucionado la manera en que interactuamos con la tecnolog√≠a.","https://www.producthunt.com/r/2FZ3FISPBIYJKO?utm_campaign=producthunt-api&utm_medium=api-v2&utm_source=Application%3A+Test+%28ID%3A+121058%29"
"Productive Commerce","WooCommerce plugin offering Wishlist, Comparison, Quick View, MiniCart & more",NULL
"ProductLogz","A feedback management, Surveys, Roadmap & Changelog tool",NULL
"RateMyService ‚ù§Ô∏è","Get More 5-Star REVIEWS with our Email Signature Widgets! üí∏üí∏ Agency/White-Label/CNAME Bundles!",NULL
"Releases - Changelog Software","Releases is a ridiculously simple approach to affordable changelog software",NULL
"Roadm.co","Customer feedback, product roadmap & changelog management",NULL
"Sam's List","Sam's List is a place to review, rate, and research accountants, bookkeepers, CPAs, and other tax professionals.","https://www.producthunt.com/r/PWGPIZ3V3BUDNN?utm_campaign=producthunt-api&utm_medium=api-v2&utm_source=Application%3A+Test+%28ID%3A+121058%29"
"SkyRocket Google Reviews Website Widget","Display your Google Reviews on your website and with auto-updates weekly.",NULL
"Telescope","Scale your customer success team without increasing headcount.",NULL
"Virtual Art Gallery","Online art exhibitions are unlimited by reality and accessible to everyone. Share your art exhibitions freely and get instant visitors. Exhibit your art in pre-fabulous virtual 3D galleries. Upload your art, include information, and add direct links to buy.","https://www.producthunt.com/r/BIDWQJM4WJOGHX?utm_campaign=producthunt-api&utm_medium=api-v2&utm_source=Application%3A+Test+%28ID%3A+121058%29"
"Vocal","Record and Send Voice Notes via Email. AI, transcription, CNAME, tracking, mobile support & more!",NULL
